surrogate_id,employee_name,employee_id,racedesc,gender,salary,date_of_birth,date_of_hire,date_of_termination,termination_reason,recruitment_source,engagement_survey,emp_satisfaction,special_projects_count,days_late_last_30,absences,performance_category,attrition_flag,tenure_days,tenure_years,age_at_hire,performancescore_raw,dateofhire_raw,dateoftermination_raw,id,department_id,position_id,manager_id,race_id,event_date,event_year,event_month,tenure_bucket,is_terminated
37,"Candie, Calvin",10001,White,Male,72640.0,1983-08-09,2016-01-28,,N/A-StillEmployed,Indeed,5.0,3.0,0,0,14,High,False,0,9.79,32.0,Exceeds,1/28/2016,,1,6,11,18,5,2016-01-28,2016,2016-01,<6 months,0
6,"Anderson, Linda",10002,White,Female,57568.0,1977-05-22,2012-01-09,,N/A-StillEmployed,LinkedIn,5.0,5.0,0,0,15,High,False,0,13.84,34.0,Exceeds,1/9/2012,,2,6,7,8,5,2012-01-09,2012,2012-01,<6 months,0
23,"Billis, Helen",10003,White,Female,62910.0,1989-09-01,2014-07-07,,N/A-StillEmployed,Indeed,5.0,3.0,0,0,19,High,False,0,11.35,24.0,Exceeds,7/7/2014,,3,6,7,17,5,2014-07-07,2014,2014-07,<6 months,0
175,"Lynch, Lindsay",10004,Black or African American,Female,47434.0,1973-02-14,2011-11-07,2015-11-14,Another position,Diversity Job Fair,5.0,4.0,0,0,17,High,True,1468,4.02,38.0,Exceeds,11/7/2011,11/14/2015,4,6,7,16,2,2015-11-14,2015,2015-11,3+ years,1
213,"Patronick, Lucas",10005,Black or African American,Male,108987.0,1979-02-20,2011-11-07,2015-09-07,Another position,Diversity Job Fair,5.0,5.0,3,0,13,High,True,1400,3.83,32.0,Exceeds,11/7/2011,9/7/2015,5,4,9,5,2,2015-09-07,2015,2015-09,3+ years,1
78,"Driver, Elle",10006,White,Female,74241.0,1988-11-08,2011-01-10,,N/A-StillEmployed,Indeed,4.77,5.0,0,0,14,High,False,0,14.84,22.0,Exceeds,1/10/2011,,6,5,28,15,5,2011-01-10,2011,2011-01,<6 months,0
126,"Harrison, Kara",10007,White,Female,62065.0,1974-05-02,2014-05-12,,N/A-StillEmployed,CareerBuilder,4.76,4.0,0,0,5,High,False,0,11.5,40.0,Exceeds,5/12/2014,,7,6,7,8,5,2014-05-12,2014,2014-05,<6 months,0
171,"Lindsay, Leonara",10008,Black or African American,Female,51777.0,1988-10-05,2011-01-21,,N/A-StillEmployed,Diversity Job Fair,4.64,4.0,5,0,14,High,False,0,14.81,22.0,Exceeds,1/21/2011,,8,2,18,20,2,2011-01-21,2011,2011-01,<6 months,0
142,"Jeannite, Tayana",10009,American Indian or Alaska Native,Female,60724.0,1986-11-06,2011-07-05,,N/A-StillEmployed,LinkedIn,4.6,4.0,0,0,11,High,False,0,14.35,24.0,Exceeds,7/5/2011,,9,6,16,6,6,2011-07-05,2011,2011-07,<6 months,0
309,"Zamora, Jennifer",10010,White,Female,220450.0,1979-08-30,2010-04-10,,N/A-StillEmployed,Employee Referral,4.6,5.0,6,0,16,High,False,0,15.59,30.0,Exceeds,4/10/2010,,10,2,12,18,5,2010-04-10,2010,2010-04,<6 months,0
233,"Rivera, Haley",10011,Asian,Female,46738.0,1973-01-12,2011-11-28,,N/A-StillEmployed,Google Search,4.36,5.0,0,0,16,High,False,0,13.95,38.0,Exceeds,11/28/2011,,11,6,7,16,3,2011-11-28,2011,2011-11,<6 months,0
13,"Barbossa, Hector",10012,Black or African American,Male,92328.0,1988-07-04,2014-11-10,,N/A-StillEmployed,Diversity Job Fair,4.28,4.0,5,0,9,High,False,0,11.0,26.0,Exceeds,11/10/2014,,12,2,26,14,2,2014-11-10,2014,2014-11,<6 months,0
283,"Torrence, Jack",10013,White,Male,64397.0,1968-01-15,2006-01-09,,N/A-StillEmployed,Indeed,4.1,3.0,0,0,6,High,False,0,19.84,37.0,Exceeds,1/9/2006,,13,5,28,15,5,2006-01-09,2006,2006-01,<6 months,0
290,"Veera, Abdellah",10014,White,Male,58523.0,1987-01-31,2012-08-13,2016-02-05,maternity leave - did not return,LinkedIn,4.5,5.0,0,0,15,High,True,1271,3.48,25.0,Exceeds,8/13/2012,2/5/2016,14,6,7,21,5,2016-02-05,2016,2016-02,3+ years,1
97,"Foss, Jason",10015,Black or African American,Male,178000.0,1980-07-05,2011-04-15,,N/A-StillEmployed,Indeed,5.0,5.0,5,0,15,High,False,0,14.58,30.0,Exceeds,4/15/2011,,15,2,21,19,2,2011-04-15,2011,2011-04,<6 months,0
221,"Petrowsky, Thelma",10016,Black or African American,Female,93554.0,1984-09-16,2014-11-10,,N/A-StillEmployed,Employee Referral,4.6,5.0,7,0,16,High,False,0,11.0,30.0,Exceeds,11/10/2014,,16,2,26,14,2,2014-11-10,2014,2014-11,<6 months,0
168,"Liebig, Ketsia",10017,White,Female,77915.0,1981-10-26,2013-09-30,,N/A-StillEmployed,Website,4.1,3.0,0,0,11,High,False,0,12.11,31.0,Exceeds,9/30/2013,,17,6,11,18,5,2013-09-30,2013,2013-09,<6 months,0
107,"Girifalco, Evelyn",10018,Two or more races,Female,57815.0,1980-05-08,2014-09-29,,N/A-StillEmployed,Indeed,3.9,4.0,0,0,3,High,False,0,11.12,34.0,Exceeds,9/29/2014,,18,6,7,8,1,2014-09-29,2014,2014-09,<6 months,0
56,"Corleone, Vito",10019,Black or African American,Male,170500.0,1983-03-19,2009-01-05,,N/A-StillEmployed,Indeed,3.7,5.0,0,0,15,High,False,0,16.85,25.0,Exceeds,1/5/2009,,19,6,25,18,2,2009-01-05,2009,2009-01,<6 months,0
238,"Robinson, Elias",10020,White,Male,63353.0,1985-01-28,2013-07-08,,N/A-StillEmployed,Employee Referral,3.6,5.0,0,0,4,High,False,0,12.34,28.0,Exceeds,7/8/2013,,20,6,7,17,5,2013-07-08,2013,2013-07,<6 months,0
209,"Osturnka, Adeel",10021,White,Male,47414.0,1976-12-11,2013-09-30,,N/A-StillEmployed,LinkedIn,5.0,3.0,0,0,13,High,False,0,12.11,36.0,Exceeds,9/30/2013,,21,6,7,9,5,2013-09-30,2013,2013-09,<6 months,0
294,"Volk, Colleen",10022,White,Female,49773.0,1986-06-03,2011-09-26,2016-02-08,gross misconduct,Google Search,4.3,5.0,0,0,18,High,True,1596,4.37,25.0,Exceeds,9/26/2011,2/8/2016,22,6,7,9,5,2016-02-08,2016,2016-02,3+ years,1
17,"Beak, Kimberly",10023,White,Female,70131.0,1966-04-17,2016-07-21,,N/A-StillEmployed,Employee Referral,4.4,3.0,0,0,16,High,False,0,9.31,50.0,Exceeds,7/21/2016,,23,6,16,9,5,2016-07-21,2016,2016-07,<6 months,0
275,"Szabo, Andrew",10024,White,Male,92989.0,1983-05-06,2014-07-07,,N/A-StillEmployed,LinkedIn,4.5,5.0,5,0,1,High,False,0,11.35,31.0,Exceeds,7/7/2014,,24,4,9,5,5,2014-07-07,2014,2014-07,<6 months,0
192,"Monterro, Luisa",10025,Black or African American,Female,72460.0,1970-04-24,2013-05-13,,N/A-StillEmployed,Indeed,4.7,3.0,0,0,1,High,False,0,12.5,43.0,Exceeds,5/13/2013,,25,6,16,21,2,2013-05-13,2013,2013-05,<6 months,0
1,"Adinolfi, Wilson  K",10026,White,Male,62506.0,1983-07-10,2011-07-05,,N/A-StillEmployed,LinkedIn,4.6,5.0,0,0,1,High,False,0,14.35,27.0,Exceeds,7/5/2011,,26,6,7,10,5,2011-07-05,2011,2011-07,<6 months,0
258,"Smith, Joe",10027,White,Male,60656.0,1963-10-30,2014-09-29,,N/A-StillEmployed,Indeed,4.3,3.0,0,0,4,High,False,0,11.12,50.0,Exceeds,9/29/2014,,27,6,16,1,5,2014-09-29,2014,2014-09,<6 months,0
77,"Dougall, Eric",10028,Black or African American,Male,138888.0,1970-07-09,2014-01-05,,N/A-StillEmployed,Indeed,4.3,5.0,5,0,4,High,False,0,11.85,43.0,Exceeds,1/5/2014,,28,2,24,19,2,2014-01-05,2014,2014-01,<6 months,0
52,"Clukey, Elijian",10029,White,Male,50373.0,1980-08-26,2016-07-06,,N/A-StillEmployed,Employee Referral,4.1,4.0,0,0,5,High,False,0,9.35,35.0,Exceeds,7/6/2016,,29,6,7,17,5,2016-07-06,2016,2016-07,<6 months,0
266,"Squatrito, Kristen",10030,White,Female,62425.0,1973-03-26,2013-05-13,2015-06-29,unhappy,LinkedIn,4.1,4.0,0,0,16,High,True,777,2.13,40.0,Exceeds,5/13/2013,6/29/2015,30,6,7,7,5,2015-06-29,2015,2015-06,1-3 years,1
112,"Gonzalez, Cayo",10031,Black or African American,Male,59892.0,1969-09-29,2011-07-11,,N/A-StillEmployed,Diversity Job Fair,4.5,4.0,0,0,1,High,False,0,14.34,41.0,Exceeds,7/11/2011,,31,6,7,17,2,2011-07-11,2011,2011-07,<6 months,0
218,"Peters, Lauren",10032,White,Female,57954.0,1986-08-17,2011-05-16,2013-02-04,more money,Indeed,4.2,5.0,0,0,12,High,True,630,1.72,24.0,Exceeds,5/16/2011,2/4/2013,32,6,16,6,5,2013-02-04,2013,2013-02,1-3 years,1
305,"Winthrop, Jordan",10033,White,Male,70507.0,1958-11-07,2013-01-07,2016-02-21,retiring,LinkedIn,5.0,3.0,0,0,7,High,True,1140,3.12,54.0,Exceeds,1/7/2013,2/21/2016,33,6,16,17,5,2016-02-21,2016,2016-02,3+ years,1
144,"Johnson, George",10034,White,Male,46837.0,1959-08-19,2011-11-07,2018-04-29,more money,CareerBuilder,4.7,4.0,0,0,9,High,True,2365,6.48,52.0,Exceeds,11/7/2011,4/29/2018,34,6,7,10,5,2018-04-29,2018,2018-04,3+ years,1
173,"Lunquist, Lisa",10035,Black or African American,Female,73330.0,1982-03-28,2013-08-19,,N/A-StillEmployed,Indeed,4.2,4.0,0,0,19,High,False,0,12.23,31.0,Exceeds,8/19/2013,,35,6,16,1,2,2013-08-19,2013,2013-08,<6 months,0
146,"Johnston, Yen",10036,White,Female,63322.0,1969-09-08,2014-07-07,,N/A-StillEmployed,LinkedIn,4.3,3.0,0,0,1,High,False,0,11.35,44.0,Exceeds,7/7/2014,,36,6,16,17,5,2014-07-07,2014,2014-07,<6 months,0
202,"Ngodup, Shari",10037,Black or African American,Female,52984.0,1967-06-03,2013-04-01,,N/A-StillEmployed,Diversity Job Fair,4.0,3.0,0,0,12,High,False,0,12.61,45.0,Exceeds,4/1/2013,,37,6,7,17,2,2013-04-01,2013,2013-04,<6 months,0
161,"LaRotonda, William",10038,Black or African American,Male,64520.0,1984-04-26,2014-01-06,,N/A-StillEmployed,Website,5.0,4.0,4,0,3,Medium,False,0,11.85,29.0,Fully Meets,1/6/2014,,38,3,17,11,2,2014-01-06,2014,2014-01,<6 months,0
256,"Singh, Nan",10039,White,Female,51920.0,1988-05-19,2015-05-01,,N/A-StillEmployed,Website,5.0,3.0,5,0,2,Medium,False,0,10.53,26.0,Fully Meets,5/1/2015,,39,3,13,11,5,2015-05-01,2015,2015-05,<6 months,0
41,"Carter, Michelle",10040,White,Female,71860.0,1963-05-15,2014-08-18,,N/A-StillEmployed,Indeed,5.0,5.0,0,0,7,Medium,False,0,11.23,51.0,Fully Meets,8/18/2014,,40,5,28,4,5,2014-08-18,2014,2014-08,<6 months,0
211,"Ozark, Travis",10041,White,Male,68829.0,1982-05-19,2015-01-05,,N/A-StillEmployed,Website,5.0,5.0,0,0,18,Medium,False,0,10.85,32.0,Fully Meets,1/5/2015,,41,5,28,4,5,2015-01-05,2015,2015-01,<6 months,0
203,"Nguyen, Dheepa",10042,Two or more races,Female,63695.0,1989-03-31,2013-07-08,,N/A-StillEmployed,Indeed,5.0,5.0,0,0,2,Medium,False,0,12.34,24.0,Fully Meets,7/8/2013,,42,5,28,15,1,2013-07-08,2013,2013-07,<6 months,0
310,"Zhou, Julia",10043,White,Female,89292.0,1979-02-24,2015-03-30,,N/A-StillEmployed,Employee Referral,5.0,3.0,5,0,11,Medium,False,0,10.62,36.0,Fully Meets,3/30/2015,,43,2,26,14,5,2015-03-30,2015,2015-03,<6 months,0
285,"Tredinnick, Neville",10044,White,Male,75281.0,1988-05-05,2015-01-05,2016-02-12,medical issues,CareerBuilder,5.0,3.0,5,0,11,Medium,True,403,1.1,26.0,Fully Meets,1/5/2015,2/12/2016,44,2,5,12,5,2016-02-12,2016,2016-02,1-3 years,1
288,"Turpin, Jumil",10045,White,Male,76029.0,1969-03-31,2015-03-30,,N/A-StillEmployed,Employee Referral,5.0,4.0,7,0,8,Medium,False,0,10.62,45.0,Fully Meets,3/30/2015,,45,2,5,12,5,2015-03-30,2015,2015-03,<6 months,0
21,"Bernstein, Sean",10046,White,Male,51044.0,1970-12-22,2012-04-02,,N/A-StillEmployed,Google Search,5.0,3.0,0,0,13,Medium,False,0,13.61,41.0,Fully Meets,4/2/2012,,46,6,7,8,5,2012-04-02,2012,2012-04,<6 months,0
236,"Robinson, Alain",10047,Black or African American,Male,50428.0,1974-01-07,2011-01-10,2016-01-26,attendance,Indeed,5.0,3.0,0,0,11,Medium,True,1842,5.04,37.0,Fully Meets,1/10/2011,1/26/2016,47,6,7,8,2,2016-01-26,2016,2016-01,3+ years,1
302,"Wilber, Barry",10048,White,Male,55140.0,1965-09-09,2011-05-16,2015-09-07,unhappy,Website,5.0,3.0,0,0,7,Medium,True,1575,4.31,45.0,Fully Meets,5/16/2011,9/7/2015,48,6,7,8,5,2015-09-07,2015,2015-09,3+ years,1
93,"Fidelia,  Libby",10049,White,Female,58530.0,1981-03-16,2012-01-09,,N/A-StillEmployed,Google Search,5.0,5.0,0,0,19,Medium,False,0,13.84,30.0,Fully Meets,1/9/2012,,49,6,7,17,5,2012-01-09,2012,2012-01,<6 months,0
222,"Pham, Hong",10050,Asian,Male,64724.0,1988-03-06,2011-07-05,2012-11-30,more money,Google Search,5.0,3.0,0,0,13,Medium,True,514,1.41,23.0,Fully Meets,7/5/2011,11/30/2012,50,6,7,17,3,2012-11-30,2012,2012-11,1-3 years,1
116,"Gordon, David",10051,White,Male,48285.0,1979-05-21,2012-07-02,,N/A-StillEmployed,LinkedIn,5.0,3.0,0,0,2,Medium,False,0,13.36,33.0,Fully Meets,7/2/2012,,51,6,7,7,5,2012-07-02,2012,2012-07,<6 months,0
160,"Langton, Enrico",10052,White,Male,46120.0,1986-12-09,2012-07-09,,N/A-StillEmployed,LinkedIn,5.0,5.0,0,0,13,Medium,False,0,13.34,25.0,Fully Meets,7/9/2012,,52,6,7,7,5,2012-07-09,2012,2012-07,<6 months,0
182,"Maurice, Shana",10053,White,Female,54132.0,1977-11-22,2011-05-31,,N/A-StillEmployed,Indeed,5.0,4.0,0,0,8,Medium,False,0,14.45,33.0,Fully Meets,5/31/2011,,53,6,7,7,5,2011-05-31,2011,2011-05,<6 months,0
242,"Rose, Ashley",10054,White,Female,60627.0,1974-12-05,2014-01-06,,N/A-StillEmployed,Website,5.0,4.0,0,0,8,Medium,False,0,11.85,39.0,Fully Meets,1/6/2014,,54,6,7,7,5,2014-01-06,2014,2014-01,<6 months,0
18,"Beatrice, Courtney",10055,White,Female,59026.0,1970-10-27,2011-04-04,,N/A-StillEmployed,Google Search,5.0,5.0,0,0,12,Medium,False,0,14.61,40.0,Fully Meets,4/4/2011,,55,6,7,1,5,2011-04-04,2011,2011-04,<6 months,0
63,"Darson, Jene'ya",10056,White,Female,57583.0,1978-11-05,2012-07-02,,N/A-StillEmployed,Indeed,5.0,3.0,0,0,1,Medium,False,0,13.36,33.0,Fully Meets,7/2/2012,,56,6,7,1,5,2012-07-02,2012,2012-07,<6 months,0
174,"Lydon, Allison",10057,Black or African American,Female,52057.0,1975-10-22,2015-02-16,,N/A-StillEmployed,Website,5.0,3.0,0,0,6,Medium,False,0,10.74,39.0,Fully Meets,2/16/2015,,57,6,7,1,2,2015-02-16,2015,2015-02,<6 months,0
232,"Rhoads, Thomas",10058,White,Male,45115.0,1982-07-22,2011-05-16,2016-01-15,retiring,LinkedIn,5.0,4.0,0,0,11,Medium,True,1705,4.67,28.0,Fully Meets,5/16/2011,1/15/2016,58,6,7,1,5,2016-01-15,2016,2016-01,3+ years,1
120,"Gross, Paula",10059,White,Female,63813.0,1983-05-21,2011-02-21,2014-01-11,more money,CareerBuilder,5.0,5.0,0,0,17,Medium,True,1055,2.89,27.0,Fully Meets,2/21/2011,1/11/2014,59,6,7,9,5,2014-01-11,2014,2014-01,1-3 years,1
143,"Jhaveri, Sneha",10060,White,Female,60436.0,1964-04-13,2014-01-06,,N/A-StillEmployed,LinkedIn,5.0,5.0,0,0,9,Medium,False,0,11.85,49.0,Fully Meets,1/6/2014,,60,6,7,9,5,2014-01-06,2014,2014-01,<6 months,0
16,"Bates, Norman",10061,White,Male,57834.0,1981-10-18,2011-02-21,2017-08-04,attendance,Google Search,5.0,4.0,0,0,20,Medium,True,2356,6.45,29.0,Fully Meets,2/21/2011,8/4/2017,61,6,7,9,5,2017-08-04,2017,2017-08,3+ years,1
8,"Athwal, Sam",10062,White,Male,59365.0,1983-02-18,2013-09-30,,N/A-StillEmployed,Employee Referral,5.0,4.0,0,0,19,Medium,False,0,12.11,30.0,Fully Meets,9/30/2013,,62,6,7,6,5,2013-09-30,2013,2013-09,<6 months,0
201,"Newman, Richard",10063,White,Male,48495.0,1977-04-08,2014-05-12,,N/A-StillEmployed,LinkedIn,5.0,5.0,0,0,11,Medium,False,0,11.5,37.0,Fully Meets,5/12/2014,,63,6,7,6,5,2014-05-12,2014,2014-05,<6 months,0
81,"Eaton, Marianne",10064,White,Female,60070.0,1991-09-05,2011-04-04,2017-06-06,military,Google Search,5.0,3.0,0,0,7,Medium,True,2255,6.17,19.0,Fully Meets,4/4/2011,6/6/2017,64,6,7,21,5,2017-06-06,2017,2017-06,3+ years,1
243,"Rossetti, Bruno",10065,White,Male,53180.0,1987-03-18,2011-04-04,2018-08-13,Another position,Google Search,5.0,5.0,0,0,4,Medium,True,2688,7.36,24.0,Fully Meets,4/4/2011,8/13/2018,65,6,7,21,5,2018-08-13,2018,2018-08,3+ years,1
15,"Barton, Nader",10066,White,Male,52505.0,1977-07-15,2012-09-24,2017-04-06,Another position,On-line Web application,5.0,5.0,0,0,1,Medium,True,1655,4.53,35.0,Fully Meets,9/24/2012,4/6/2017,66,6,7,10,5,2017-04-06,2017,2017-04,3+ years,1
42,"Chace, Beatrice",10067,White,Female,61656.0,1951-01-02,2014-09-29,,N/A-StillEmployed,Google Search,5.0,4.0,0,0,11,Medium,False,0,11.12,63.0,Fully Meets,9/29/2014,,67,6,7,10,5,2014-09-29,2014,2014-09,<6 months,0
187,"Medeiros, Jennifer",10068,White,Female,55688.0,1976-09-22,2015-03-30,,N/A-StillEmployed,CareerBuilder,5.0,4.0,0,0,10,Medium,False,0,10.62,38.0,Fully Meets,3/30/2015,,68,6,7,10,5,2015-03-30,2015,2015-03,<6 months,0
5,"Anderson, Carol",10069,White,Female,50825.0,1989-09-08,2011-07-11,2016-09-06,return to school,Google Search,5.0,4.0,0,0,2,Medium,True,1884,5.16,21.0,Fully Meets,7/11/2011,9/6/2016,69,6,7,16,5,2016-09-06,2016,2016-09,3+ years,1
66,"DeGweck,  James",10070,White,Male,55722.0,1977-10-31,2011-05-16,2016-06-08,unhappy,Indeed,5.0,4.0,0,0,14,Medium,True,1850,5.07,33.0,Fully Meets,5/16/2011,6/8/2016,70,6,7,16,5,2016-06-08,2016,2016-06,3+ years,1
252,"Sewkumar, Nori",10071,Asian,Female,50923.0,1975-03-10,2013-09-30,,N/A-StillEmployed,Google Search,5.0,5.0,0,0,14,Medium,False,0,12.11,38.0,Fully Meets,9/30/2013,,71,6,7,16,3,2013-09-30,2013,2013-09,<6 months,0
301,"Whittier, Scott",10072,White,Male,58371.0,1987-05-24,2011-01-10,2014-05-15,hours,LinkedIn,5.0,5.0,0,0,11,Medium,True,1221,3.34,23.0,Fully Meets,1/10/2011,5/15/2014,72,6,7,16,5,2014-05-15,2014,2014-05,3+ years,1
179,"Mancuso, Karen",10073,Two or more races,Female,68407.0,1986-12-10,2011-07-05,2012-08-19,Another position,LinkedIn,5.0,4.0,0,0,16,Medium,True,411,1.13,24.0,Fully Meets,7/5/2011,8/19/2012,73,6,16,8,1,2012-08-19,2012,2012-08,1-3 years,1
124,"Hankard, Earnest",10074,White,Male,64246.0,1988-08-10,2013-11-11,,N/A-StillEmployed,LinkedIn,5.0,3.0,0,0,20,Medium,False,0,12.0,25.0,Fully Meets,11/11/2013,,74,6,16,9,5,2013-11-11,2013,2013-11,<6 months,0
128,"Hendrickson, Trina",10075,White,Female,68099.0,1972-08-27,2011-01-10,2013-06-18,hours,CareerBuilder,5.0,3.0,0,0,15,Medium,True,890,2.44,38.0,Fully Meets,1/10/2011,6/18/2013,75,6,16,9,5,2013-06-18,2013,2013-06,1-3 years,1
183,"Carthy, B'rigit",10076,Black or African American,Female,55315.0,1987-05-21,2015-03-30,,N/A-StillEmployed,LinkedIn,5.0,5.0,0,0,16,Medium,False,0,10.62,27.0,Fully Meets,3/30/2015,,76,6,16,6,2,2015-03-30,2015,2015-03,<6 months,0
178,"Manchester, Robyn",10077,White,Female,62385.0,1976-08-25,2016-05-11,,N/A-StillEmployed,LinkedIn,5.0,3.0,0,0,4,Medium,False,0,9.5,39.0,Fully Meets,5/11/2016,,77,6,16,16,5,2016-05-11,2016,2016-05,<6 months,0
207,"Oliver, Brooke",10078,Asian,Female,71966.0,1952-02-11,2012-05-14,2013-08-19,unhappy,LinkedIn,5.0,3.0,0,0,17,Medium,True,462,1.26,60.0,Fully Meets,5/14/2012,8/19/2013,78,6,16,16,3,2013-08-19,2013,2013-08,1-3 years,1
198,"Navathe, Kurt",10079,Asian,Male,87921.0,1970-04-25,2017-02-10,,N/A-StillEmployed,Indeed,5.0,3.0,6,0,17,Medium,False,0,8.75,46.0,Fully Meets,2/10/2017,,79,2,1,13,3,2017-02-10,2017,2017-02,<6 months,0
98,"Foster-Baker, Amy",10080,White,Female,99351.0,1979-04-16,2009-01-05,,N/A-StillEmployed,Other,5.0,3.0,2,0,3,Medium,False,0,16.85,29.0,Fully Meets,1/5/2009,,80,3,15,2,5,2009-01-05,2009,2009-01,<6 months,0
27,"Boutwell, Bonalyn",10081,Black or African American,Female,106367.0,1987-04-04,2015-02-16,,N/A-StillEmployed,Diversity Job Fair,5.0,4.0,3,0,4,Medium,False,0,10.74,27.0,Fully Meets,2/16/2015,,81,3,15,11,2,2015-02-16,2015,2015-02,<6 months,0
40,"Carr, Claudia  N",10082,Black or African American,Female,100031.0,1986-06-06,2016-06-30,,N/A-StillEmployed,LinkedIn,5.0,5.0,6,0,7,Medium,False,0,9.37,30.0,Fully Meets,6/30/2016,,82,2,4,14,2,2016-06-30,2016,2016-06,<6 months,0
60,"Cross, Noah",10083,White,Male,92329.0,1965-09-09,2014-11-10,,N/A-StillEmployed,Employee Referral,5.0,3.0,4,0,5,Medium,False,0,11.0,49.0,Fully Meets,11/10/2014,,83,2,8,12,5,2014-11-10,2014,2014-11,<6 months,0
2,"Ait Sidi, Karthikeyan",10084,White,Male,104437.0,1975-05-05,2015-03-30,2016-06-16,career change,Indeed,4.96,3.0,6,0,17,Medium,True,444,1.22,39.0,Fully Meets,3/30/2015,6/16/2016,84,2,4,14,5,2016-06-16,2016,2016-06,1-3 years,1
38,"Carabbio, Judith",10085,White,Female,93396.0,1987-04-05,2013-11-11,,N/A-StillEmployed,Indeed,4.96,4.0,6,0,3,Medium,False,0,12.0,26.0,Fully Meets,11/11/2013,,85,4,9,5,5,2013-11-11,2013,2013-11,<6 months,0
241,"Roper, Katie",10086,Black or African American,Female,150290.0,1972-11-21,2017-01-07,,N/A-StillEmployed,Indeed,4.94,3.0,5,0,17,Medium,False,0,8.84,44.0,Fully Meets,1/7/2017,,86,2,20,13,2,2017-01-07,2017,2017-01,<6 months,0
164,"Leach, Dallas",10087,Asian,Female,63676.0,1979-01-17,2011-09-26,2018-08-19,return to school,CareerBuilder,4.88,3.0,0,0,17,Medium,True,2519,6.9,32.0,Fully Meets,9/26/2011,8/19/2018,87,6,7,21,3,2018-08-19,2018,2018-08,3+ years,1
4,"Alagbe,Trina",10088,White,Female,64991.0,1988-09-27,2008-01-07,,N/A-StillEmployed,Indeed,4.84,5.0,0,0,15,Medium,False,0,17.85,19.0,Fully Meets,1/7/2008,,88,6,7,1,5,2008-01-07,2008,2008-01,<6 months,0
151,"King, Janet",10089,White,Female,250000.0,1954-09-21,2012-07-02,,N/A-StillEmployed,Indeed,4.83,3.0,0,0,10,Medium,False,0,13.36,57.0,Fully Meets,7/2/2012,,89,1,23,2,5,2012-07-02,2012,2012-07,<6 months,0
265,"Spirea, Kelley",10090,White,Female,65714.0,1975-09-30,2012-10-02,,N/A-StillEmployed,LinkedIn,4.83,5.0,0,0,15,Medium,False,0,13.11,37.0,Fully Meets,10/2/2012,,90,6,11,18,5,2012-10-02,2012,2012-10,<6 months,0
254,"Shields, Seffi",10091,White,Female,52087.0,1985-08-24,2013-08-19,,N/A-StillEmployed,LinkedIn,4.81,4.0,0,0,15,Medium,False,0,12.23,27.0,Fully Meets,8/19/2013,,91,6,7,8,5,2013-08-19,2013,2013-08,<6 months,0
158,"Landa, Hans",10092,White,Male,82758.0,1972-07-01,2011-01-10,2015-12-12,attendance,Employee Referral,4.78,4.0,0,0,9,Medium,True,1797,4.92,38.0,Fully Meets,1/10/2011,12/12/2015,92,6,11,18,5,2015-12-12,2015,2015-12,3+ years,1
94,"Fitzpatrick, Michael  J",10093,White,Male,72609.0,1981-10-01,2011-05-16,2013-06-24,hours,Google Search,4.76,5.0,0,0,20,Medium,True,770,2.11,29.0,Fully Meets,5/16/2011,6/24/2013,93,6,16,8,5,2013-06-24,2013,2013-06,1-3 years,1
57,"Cornett, Lisa",10094,White,Female,63381.0,1977-03-31,2015-01-05,,N/A-StillEmployed,Indeed,4.73,5.0,0,0,6,Medium,False,0,10.85,37.0,Fully Meets,1/5/2015,,94,6,7,9,5,2015-01-05,2015,2015-01,<6 months,0
257,"Sloan, Constance",10095,White,Female,63878.0,1987-11-25,2009-10-26,2015-04-08,maternity leave - did not return,CareerBuilder,4.68,4.0,0,0,20,Medium,True,1990,5.45,21.0,Fully Meets,10/26/2009,4/8/2015,95,6,16,10,5,2015-04-08,2015,2015-04,3+ years,1
172,"Lundy, Susan",10096,White,Female,67237.0,1976-12-26,2013-07-08,2016-09-15,more money,LinkedIn,4.65,4.0,0,0,15,Medium,True,1165,3.19,36.0,Fully Meets,7/8/2013,9/15/2016,96,6,16,10,5,2016-09-15,2016,2016-09,3+ years,1
125,"Harrington, Christie",10097,White,Female,52177.0,1952-08-18,2012-01-09,2015-12-15,retiring,CareerBuilder,4.64,4.0,0,0,8,Medium,True,1436,3.93,59.0,Fully Meets,1/9/2012,12/15/2015,97,6,7,16,5,2015-12-15,2015,2015-12,3+ years,1
119,"Gray, Elijiah",10098,White,Male,62957.0,1981-07-11,2015-06-02,,N/A-StillEmployed,Employee Referral,4.63,3.0,0,0,2,Medium,False,0,10.44,33.0,Fully Meets,6/2/2015,,98,6,11,18,5,2015-06-02,2015,2015-06,<6 months,0
61,"Daneault, Lynn",10099,White,Female,65729.0,1990-04-19,2014-05-05,,N/A-StillEmployed,Indeed,4.62,4.0,0,0,8,Medium,False,0,11.52,24.0,Fully Meets,5/5/2014,,99,5,27,3,5,2014-05-05,2014,2014-05,<6 months,0
69,"Demita, Carla",10100,Black or African American,Female,58275.0,1951-02-25,2011-04-04,2015-11-04,more money,Google Search,4.62,5.0,0,0,1,Medium,True,1675,4.59,60.0,Fully Meets,4/4/2011,11/4/2015,100,6,16,9,2,2015-11-04,2015,2015-11,3+ years,1
114,"Gonzalez, Maria",10101,White,Female,61242.0,1981-04-16,2015-01-05,,N/A-StillEmployed,Employee Referral,4.61,4.0,5,0,11,Medium,False,0,10.85,33.0,Fully Meets,1/5/2015,,101,2,18,12,5,2015-01-05,2015,2015-01,<6 months,0
286,"True, Edward",10102,Black or African American,Male,100416.0,1983-06-14,2013-02-18,2018-04-15,medical issues,Diversity Job Fair,4.6,3.0,4,0,9,Medium,True,1882,5.15,29.0,Fully Meets,2/18/2013,4/15/2018,102,4,9,5,2,2018-04-15,2018,2018-04,3+ years,1
167,"Leruth, Giovanni",10103,Black or African American,Male,70468.0,1988-12-27,2012-04-30,,N/A-StillEmployed,Website,4.53,3.0,0,0,16,Medium,False,0,13.53,23.0,Fully Meets,4/30/2012,,103,5,28,4,2,2012-04-30,2012,2012-04,<6 months,0
205,"Nowlan, Kristie",10104,White,Female,66738.0,1985-11-23,2014-11-10,,N/A-StillEmployed,Indeed,4.53,5.0,0,0,5,Medium,False,0,11.0,28.0,Fully Meets,11/10/2014,,104,6,16,1,5,2014-11-10,2014,2014-11,<6 months,0
79,"Dunn, Amy",10105,White,Female,75188.0,1973-11-28,2014-09-18,,N/A-StillEmployed,Google Search,4.52,4.0,0,0,4,Medium,False,0,11.15,40.0,Fully Meets,9/18/2014,,105,6,11,18,5,2014-09-18,2014,2014-09,<6 months,0
159,"Langford, Lindsey",10106,Asian,Female,66074.0,1979-07-25,2013-01-07,2014-03-31,Another position,Indeed,4.52,3.0,0,0,20,Medium,True,448,1.23,33.0,Fully Meets,1/7/2013,3/31/2014,106,6,16,7,3,2014-03-31,2014,2014-03,1-3 years,1
34,"Burke, Joelle",10107,Black or African American,Female,63763.0,1980-03-02,2012-03-05,,N/A-StillEmployed,Employee Referral,4.51,4.0,0,0,3,Medium,False,0,13.69,32.0,Fully Meets,3/5/2012,,107,6,16,8,2,2012-03-05,2012,2012-03,<6 months,0
43,"Champaigne, Brian",10108,White,Male,110929.0,1972-02-09,2016-09-06,,N/A-StillEmployed,Indeed,4.5,5.0,7,0,8,Medium,False,0,9.18,44.0,Fully Meets,9/6/2016,,108,2,22,19,5,2016-09-06,2016,2016-09,<6 months,0
122,"Guilianno, Mike",10109,Two or more races,Male,71707.0,1969-02-09,2012-03-07,2014-10-31,relocation out of area,LinkedIn,4.5,5.0,0,0,20,Medium,True,968,2.65,43.0,Fully Meets,3/7/2012,10/31/2014,109,5,28,4,1,2014-10-31,2014,2014-10,1-3 years,1
181,"Martin, Sandra",10110,Asian,Female,105688.0,1987-11-07,2013-11-11,,N/A-StillEmployed,Google Search,4.5,5.0,4,0,14,Medium,False,0,12.0,26.0,Fully Meets,11/11/2013,,110,4,9,5,3,2013-11-11,2013,2013-11,<6 months,0
101,"Garcia, Raul",10111,White,Male,52249.0,1985-09-15,2015-03-30,,N/A-StillEmployed,Employee Referral,4.5,3.0,0,0,5,Medium,False,0,10.62,29.0,Fully Meets,3/30/2015,,111,6,7,7,5,2015-03-30,2015,2015-03,<6 months,0
131,"Horton, Jayne",10112,White,Female,97999.0,1984-02-21,2015-03-30,,N/A-StillEmployed,Indeed,4.48,5.0,6,0,4,Medium,False,0,10.62,31.0,Fully Meets,3/30/2015,,112,2,31,14,5,2015-03-30,2015,2015-03,<6 months,0
157,"Lajiri,  Jyoti",10113,White,Male,93206.0,1986-04-23,2014-11-10,,N/A-StillEmployed,Employee Referral,4.46,5.0,6,0,7,Medium,False,0,11.0,28.0,Fully Meets,11/10/2014,,113,2,8,12,5,2014-11-10,2014,2014-11,<6 months,0
9,"Bachiochi, Linda",10114,Black or African American,Female,47837.0,1970-02-11,2009-07-06,,N/A-StillEmployed,Diversity Job Fair,4.46,3.0,0,0,4,Medium,False,0,16.35,39.0,Fully Meets,7/6/2009,,114,6,7,17,2,2009-07-06,2009,2009-07,<6 months,0
39,"Carey, Michael",10115,Black or African American,Male,52846.0,1983-02-02,2014-03-31,,N/A-StillEmployed,LinkedIn,4.43,3.0,0,0,14,Medium,False,0,11.62,31.0,Fully Meets,3/31/2014,,115,6,7,9,2,2014-03-31,2014,2014-03,<6 months,0
188,"Miller, Brannon",10116,Hispanic,Male,83667.0,1981-08-10,2012-08-16,,N/A-StillEmployed,Indeed,4.37,3.0,0,0,2,Medium,False,0,13.24,31.0,Fully Meets,8/16/2012,,116,6,11,18,4,2012-08-16,2012,2012-08,<6 months,0
273,"Sullivan, Timothy",10117,White,Male,63025.0,1982-10-07,2015-01-05,,N/A-StillEmployed,Google Search,4.36,5.0,0,0,10,Medium,False,0,10.85,32.0,Fully Meets,1/5/2015,,117,6,7,10,5,2015-01-05,2015,2015-01,<6 months,0
293,"Voldemort, Lord",10118,Black or African American,Male,113999.0,1986-08-07,2015-02-16,2017-02-22,"no-call, no-show",Employee Referral,4.33,3.0,7,0,9,Medium,True,737,2.02,28.0,Fully Meets,2/16/2015,2/22/2017,118,2,31,14,2,2017-02-22,2017,2017-02,1-3 years,1
262,"Soto, Julia",10119,Black or African American,Female,66593.0,1973-03-12,2011-06-10,,N/A-StillEmployed,LinkedIn,4.3,3.0,5,0,19,Medium,False,0,14.42,38.0,Fully Meets,6/10/2011,,119,2,18,20,2,2011-06-10,2011,2011-06,<6 months,0
196,"Moumanil, Maliki",10120,Black or African American,Male,74417.0,1974-12-01,2013-05-13,,N/A-StillEmployed,LinkedIn,4.29,5.0,0,0,11,Medium,False,0,12.5,38.0,Fully Meets,5/13/2013,,120,6,16,10,2,2013-05-13,2013,2013-05,<6 months,0
208,"Onque, Jasmine",10121,White,Female,63051.0,1990-05-11,2013-09-30,,N/A-StillEmployed,Indeed,4.28,3.0,0,0,1,Medium,False,0,12.11,23.0,Fully Meets,9/30/2013,,121,5,28,15,5,2013-09-30,2013,2013-09,<6 months,0
104,"Gerke, Melisa",10122,Black or African American,Female,51505.0,1970-05-15,2011-11-07,2016-11-15,hours,Diversity Job Fair,4.24,4.0,0,0,2,Medium,True,1835,5.02,41.0,Fully Meets,11/7/2011,11/15/2016,122,6,7,1,2,2016-11-15,2016,2016-11,3+ years,1
282,"Tippett, Jeanette",10123,Black or African American,Female,56339.0,1967-06-05,2013-02-18,,N/A-StillEmployed,Indeed,4.21,5.0,0,0,4,Medium,False,0,12.73,45.0,Fully Meets,2/18/2013,,123,6,7,17,2,2013-02-18,2013,2013-02,<6 months,0
224,"Potts, Xana",10124,Black or African American,Female,61844.0,1988-08-29,2012-01-09,,N/A-StillEmployed,Website,4.2,5.0,0,0,9,Medium,False,0,13.84,23.0,Fully Meets,1/9/2012,,124,5,28,15,2,2012-01-09,2012,2012-01,<6 months,0
123,"Handschiegl, Joanne",10125,White,Female,54828.0,1977-03-23,2011-11-28,,N/A-StillEmployed,Google Search,4.2,4.0,0,0,13,Medium,False,0,13.95,34.0,Fully Meets,11/28/2011,,125,6,7,10,5,2011-11-28,2011,2011-11,<6 months,0
246,"Saada, Adell",10126,White,Female,86214.0,1986-07-24,2012-11-05,,N/A-StillEmployed,Indeed,4.2,3.0,6,0,2,Medium,False,0,13.02,26.0,Fully Meets,11/5/2012,,126,4,9,5,5,2012-11-05,2012,2012-11,<6 months,0
300,"Warfield, Sarah",10127,Asian,Female,107226.0,1978-05-02,2015-03-30,,N/A-StillEmployed,Employee Referral,4.2,4.0,8,0,7,Medium,False,0,10.62,36.0,Fully Meets,3/30/2015,,127,2,8,12,3,2015-03-30,2015,2015-03,<6 months,0
186,"Meads, Elizabeth",10128,Black or African American,Female,62659.0,1968-05-30,2012-04-02,2016-11-11,Another position,Diversity Job Fair,4.18,4.0,0,0,17,Medium,True,1684,4.61,43.0,Fully Meets,4/2/2012,11/11/2016,128,6,7,9,2,2016-11-11,2016,2016-11,3+ years,1
127,"Heitzman, Anthony",10129,White,Male,46998.0,1984-01-04,2012-08-13,,N/A-StillEmployed,Google Search,4.17,4.0,0,0,1,Medium,False,0,13.25,28.0,Fully Meets,8/13/2012,,129,6,7,6,5,2012-08-13,2012,2012-08,<6 months,0
219,"Peterson, Ebonee",10130,White,Female,74669.0,1977-05-09,2010-10-25,2016-05-18,Another position,Indeed,4.16,5.0,0,0,6,Medium,True,2032,5.56,33.0,Fully Meets,10/25/2010,5/18/2016,130,6,11,18,5,2016-05-18,2016,2016-05,3+ years,1
228,"Quinn, Sean",10131,Black or African American,Male,83363.0,1984-11-06,2011-02-21,2015-08-15,career change,Diversity Job Fair,4.15,4.0,0,0,4,Medium,True,1636,4.48,26.0,Fully Meets,2/21/2011,8/15/2015,131,4,9,18,2,2015-08-15,2015,2015-08,3+ years,1
59,"Crimmings,   Jean",10132,White,Female,56149.0,1987-04-10,2016-07-06,,N/A-StillEmployed,LinkedIn,4.12,5.0,0,0,15,Medium,False,0,9.35,29.0,Fully Meets,7/6/2016,,132,6,7,10,5,2016-07-06,2016,2016-07,<6 months,0
76,"Dolan, Linda",10133,White,Female,70621.0,1988-07-18,2015-01-05,,N/A-StillEmployed,Employee Referral,4.11,4.0,6,0,16,Medium,False,0,10.85,26.0,Fully Meets,1/5/2015,,133,2,18,12,5,2015-01-05,2015,2015-01,<6 months,0
165,"LeBlanc, Brandon  R",10134,White,Male,93046.0,1984-06-10,2016-01-05,,N/A-StillEmployed,CareerBuilder,4.1,4.0,0,0,20,Medium,False,0,9.85,31.0,Fully Meets,1/5/2016,,134,3,2,18,5,2016-01-05,2016,2016-01,<6 months,0
307,"Woodson, Jason",10135,White,Male,65893.0,1985-05-11,2014-07-07,,N/A-StillEmployed,LinkedIn,4.07,4.0,0,0,13,Medium,False,0,11.35,29.0,Fully Meets,7/7/2014,,135,6,16,21,5,2014-07-07,2014,2014-07,<6 months,0
89,"Fancett, Nicole",10136,Black or African American,Female,65902.0,1987-09-27,2014-02-17,,N/A-StillEmployed,LinkedIn,4.0,4.0,0,0,7,Medium,False,0,11.73,26.0,Fully Meets,2/17/2014,,136,6,16,16,2,2014-02-17,2014,2014-02,<6 months,0
170,"Linden, Mathew",10137,White,Male,63450.0,1979-03-19,2013-07-08,,N/A-StillEmployed,LinkedIn,4.0,3.0,0,0,7,Medium,False,0,12.34,34.0,Fully Meets,7/8/2013,,137,6,16,9,5,2013-07-08,2013,2013-07,<6 months,0
147,"Jung, Judy",10138,Black or African American,Female,61154.0,1986-04-17,2011-01-10,2016-04-01,unhappy,CareerBuilder,4.0,4.0,0,0,4,Medium,True,1908,5.22,24.0,Fully Meets,1/10/2011,4/1/2016,138,6,7,1,2,2016-04-01,2016,2016-04,3+ years,1
139,"Ivey, Rose",10139,White,Female,51908.0,1991-01-28,2013-08-19,,N/A-StillEmployed,Indeed,3.99,3.0,0,0,14,Medium,False,0,12.23,22.0,Fully Meets,8/19/2013,,139,6,7,17,5,2013-08-19,2013,2013-08,<6 months,0
231,"Ren, Kylo",10140,White,Male,61809.0,1954-10-12,2014-05-12,,N/A-StillEmployed,CareerBuilder,3.98,3.0,0,0,4,Medium,False,0,11.5,59.0,Fully Meets,5/12/2014,,140,5,28,4,5,2014-05-12,2014,2014-05,<6 months,0
280,"Theamstern, Sophia",10141,White,Female,48413.0,1965-05-09,2011-07-05,2016-09-05,return to school,Indeed,3.98,4.0,0,0,1,Medium,True,1889,5.17,46.0,Fully Meets,7/5/2011,9/5/2016,141,6,7,8,5,2016-09-05,2016,2016-09,3+ years,1
105,"Gill, Whitney",10142,Black or African American,Female,59370.0,1971-07-10,2014-07-07,2015-09-05,attendance,CareerBuilder,3.97,4.0,0,0,7,Medium,True,425,1.16,42.0,Fully Meets,7/7/2014,9/5/2015,142,5,28,4,2,2015-09-05,2015,2015-09,1-3 years,1
64,"Davis, Daniel",10143,Two or more races,Male,56294.0,1979-09-14,2011-11-07,,N/A-StillEmployed,LinkedIn,3.96,4.0,0,0,6,Medium,False,0,14.01,32.0,Fully Meets,11/7/2011,,143,6,16,21,1,2011-11-07,2011,2011-11,<6 months,0
291,"Vega, Vincent",10144,White,Male,88976.0,1968-10-10,2011-08-01,,N/A-StillEmployed,Employee Referral,3.93,3.0,0,0,19,Medium,False,0,14.28,42.0,Fully Meets,8/1/2011,,144,6,11,18,5,2011-08-01,2011,2011-08,<6 months,0
184,"Mckenna, Sandy",10145,Black or African American,Female,62810.0,1987-01-07,2013-01-07,,N/A-StillEmployed,CareerBuilder,3.93,3.0,0,0,20,Medium,False,0,12.84,26.0,Fully Meets,1/7/2013,,145,6,7,21,2,2013-01-07,2013,2013-01,<6 months,0
278,"Tejeda, Lenora",10146,White,Female,72202.0,1953-05-24,2011-05-16,2017-07-08,Another position,Google Search,3.93,3.0,0,0,3,Medium,True,2245,6.15,57.0,Fully Meets,5/16/2011,7/8/2017,146,6,16,1,5,2017-07-08,2017,2017-07,3+ years,1
269,"Steans, Tyrone",10147,White,Male,63003.0,1986-09-01,2014-09-29,,N/A-StillEmployed,Indeed,3.9,5.0,5,0,9,Medium,False,0,11.12,28.0,Fully Meets,9/29/2014,,147,3,17,11,5,2014-09-29,2014,2014-09,<6 months,0
212,"Panjwani, Nina",10148,White,Female,63515.0,1979-05-01,2011-02-07,2014-01-12,Another position,Google Search,3.89,4.0,0,0,7,Medium,True,1070,2.93,31.0,Fully Meets,2/7/2011,1/12/2014,148,6,7,1,5,2014-01-12,2014,2014-01,1-3 years,1
240,"Roehrich, Bianca",10149,White,Female,120000.0,1973-05-27,2015-01-05,2018-11-10,Another position,LinkedIn,3.88,3.0,7,0,12,Medium,True,1405,3.85,41.0,Fully Meets,1/5/2015,11/10/2018,149,2,19,14,5,2018-11-10,2018,2018-11,3+ years,1
36,"Cady, Max",10150,White,Male,77692.0,1966-11-22,2011-08-15,,N/A-StillEmployed,Google Search,3.84,3.0,5,0,4,Medium,False,0,14.24,44.0,Fully Meets,8/15/2011,,150,4,10,19,5,2011-08-15,2011,2011-08,<6 months,0
194,"Morway, Tanya",10151,White,Female,52599.0,1979-04-04,2015-02-16,,N/A-StillEmployed,CareerBuilder,3.81,3.0,6,0,6,Medium,False,0,10.74,35.0,Fully Meets,2/16/2015,,151,2,5,12,5,2015-02-16,2015,2015-02,<6 months,0
230,"Rarrick, Quinn",10152,White,Male,61729.0,1984-12-31,2011-09-26,2018-04-07,more money,Indeed,3.8,5.0,0,0,19,Medium,True,2385,6.53,26.0,Fully Meets,9/26/2011,4/7/2018,152,6,7,10,5,2018-04-07,2018,2018-04,3+ years,1
260,"Smith, Leigh Ann",10153,Black or African American,Female,55000.0,1987-06-14,2011-09-26,2013-09-25,career change,Diversity Job Fair,3.8,4.0,4,0,17,Medium,True,730,2.0,24.0,Fully Meets,9/26/2011,9/25/2013,153,3,13,11,2,2013-09-25,2013,2013-09,1-3 years,1
45,"Chang, Donovan  E",10154,White,Male,60380.0,1983-08-24,2013-07-08,,N/A-StillEmployed,LinkedIn,3.8,5.0,0,0,4,Medium,False,0,12.34,29.0,Fully Meets,7/8/2013,,154,6,7,16,5,2013-07-08,2013,2013-07,<6 months,0
67,"Del Bosque, Keyla",10155,Black or African American,Female,101199.0,1979-07-05,2012-01-09,,N/A-StillEmployed,CareerBuilder,3.79,5.0,5,0,8,Medium,False,0,13.84,32.0,Fully Meets,1/9/2012,,155,4,9,5,2,2012-01-09,2012,2012-01,<6 months,0
145,"Johnson, Noelle",10156,Asian,Female,105700.0,1986-11-07,2015-01-05,,N/A-StillEmployed,Indeed,3.75,3.0,5,0,2,Medium,False,0,10.85,28.0,Fully Meets,1/5/2015,,156,2,31,14,3,2015-01-05,2015,2015-01,<6 months,0
261,"Smith, Sade",10157,White,Female,58939.0,1965-02-02,2013-11-11,,N/A-StillEmployed,Employee Referral,3.73,3.0,0,0,16,Medium,False,0,12.0,48.0,Fully Meets,11/11/2013,,157,6,7,6,5,2013-11-11,2013,2013-11,<6 months,0
272,"Sullivan, Kissy",10158,Black or African American,Female,63682.0,1978-03-28,2009-01-08,,N/A-StillEmployed,Indeed,3.73,4.0,0,0,12,Medium,False,0,16.84,30.0,Fully Meets,1/8/2009,,158,6,11,18,2,2009-01-08,2009,2009-01,<6 months,0
103,"Gentry, Mildred",10159,Black or African American,Female,51337.0,1990-10-01,2015-03-30,,N/A-StillEmployed,LinkedIn,3.73,3.0,0,0,19,Medium,False,0,10.62,24.0,Fully Meets,3/30/2015,,159,6,7,10,2,2015-03-30,2015,2015-03,<6 months,0
137,"Huynh, Ming",10160,White,Female,68182.0,1976-09-22,2011-02-21,2013-04-01,unhappy,Google Search,3.72,3.0,0,0,18,Medium,True,770,2.11,34.0,Fully Meets,2/21/2011,4/1/2013,160,6,16,8,5,2013-04-01,2013,2013-04,1-3 years,1
279,"Terry, Sharlene",10161,Black or African American,Female,58370.0,1965-05-07,2014-09-29,,N/A-StillEmployed,Indeed,3.69,3.0,0,0,18,Medium,False,0,11.12,49.0,Fully Meets,9/29/2014,,161,5,28,15,2,2014-09-29,2014,2014-09,<6 months,0
239,"Roby, Lori",10162,White,Female,89883.0,1981-10-11,2015-02-16,,N/A-StillEmployed,Employee Referral,3.69,5.0,6,0,15,Medium,False,0,10.74,33.0,Fully Meets,2/16/2015,,162,2,26,14,5,2015-02-16,2015,2015-02,<6 months,0
95,"Foreman, Tanya",10163,White,Female,55965.0,1983-11-08,2011-04-04,2013-01-09,career change,Google Search,3.66,3.0,0,0,6,Medium,True,646,1.77,27.0,Fully Meets,4/4/2011,1/9/2013,163,6,16,6,5,2013-01-09,2013,2013-01,1-3 years,1
223,"Pitt, Brad",10164,White,Male,47001.0,1981-11-23,2007-11-05,,N/A-StillEmployed,Google Search,3.66,3.0,0,0,15,Medium,False,0,18.02,25.0,Fully Meets,11/5/2007,,164,6,7,7,5,2007-11-05,2007,2007-11,<6 months,0
156,"Kreuger, Freddy",10165,Black or African American,Male,71339.0,1969-02-24,2011-03-07,,N/A-StillEmployed,Diversity Job Fair,3.65,5.0,0,0,20,Medium,False,0,14.68,42.0,Fully Meets,3/7/2011,,165,5,28,4,2,2011-03-07,2011,2011-03,<6 months,0
152,"Kinsella, Kathleen",10166,White,Female,54005.0,1973-12-08,2011-09-26,2015-06-04,more money,Google Search,3.6,5.0,0,0,16,Medium,True,1347,3.69,37.0,Fully Meets,9/26/2011,6/4/2015,166,6,7,16,5,2015-06-04,2015,2015-06,3+ years,1
129,"Hitchcock, Alfred",10167,American Indian or Alaska Native,Male,70545.0,1988-09-14,2014-08-18,,N/A-StillEmployed,Indeed,3.6,5.0,0,0,9,Medium,False,0,11.23,25.0,Fully Meets,8/18/2014,,167,5,28,4,6,2014-08-18,2014,2014-08,<6 months,0
48,"Cierpiszewski, Caroline",10168,Black or African American,Female,64816.0,1988-05-31,2011-10-03,,N/A-StillEmployed,Indeed,3.58,5.0,0,0,3,Medium,False,0,14.11,23.0,Fully Meets,10/3/2011,,168,6,7,6,2,2011-10-03,2011,2011-10,<6 months,0
251,"Sander, Kamrin",10169,Black or African American,Female,56147.0,1988-07-10,2014-09-29,,N/A-StillEmployed,LinkedIn,3.51,3.0,0,0,2,Medium,False,0,11.12,26.0,Fully Meets,9/29/2014,,169,6,7,1,2,2014-09-29,2014,2014-09,<6 months,0
153,"Kirill, Alexandra",10170,White,Female,45433.0,1970-10-08,2011-09-26,2014-01-09,more money,Google Search,3.49,4.0,0,0,6,Medium,True,836,2.29,40.0,Fully Meets,9/26/2011,1/9/2014,170,6,7,8,5,2014-01-09,2014,2014-01,1-3 years,1
217,"Perry, Shakira",10171,White,Female,45998.0,1986-07-20,2011-05-16,2015-10-25,medical issues,LinkedIn,3.45,4.0,0,0,5,Medium,True,1623,4.44,24.0,Fully Meets,5/16/2011,10/25/2015,171,6,7,8,5,2015-10-25,2015,2015-10,3+ years,1
299,"Wang, Charlie",10172,Asian,Male,84903.0,1981-07-08,2017-02-15,,N/A-StillEmployed,Indeed,3.42,4.0,7,0,17,Medium,False,0,8.74,35.0,Fully Meets,2/15/2017,,172,2,1,13,3,2017-02-15,2017,2017-02,<6 months,0
276,"Tannen, Biff",10173,White,Male,90100.0,1987-10-24,2017-04-20,,N/A-StillEmployed,Indeed,3.4,3.0,6,0,14,Medium,False,0,8.56,29.0,Fully Meets,4/20/2017,,173,2,3,13,5,2017-04-20,2017,2017-04,<6 months,0
306,"Wolk, Hang  T",10174,White,Female,60446.0,1985-04-20,2014-09-29,,N/A-StillEmployed,LinkedIn,3.4,4.0,0,0,14,Medium,False,0,11.12,29.0,Fully Meets,9/29/2014,,174,6,16,7,5,2014-09-29,2014,2014-09,<6 months,0
28,"Bozzi, Charles",10175,Asian,Male,74312.0,1970-03-10,2013-09-30,2014-08-07,retiring,Indeed,3.39,3.0,0,0,14,Medium,True,311,0.85,43.0,Fully Meets,9/30/2013,8/7/2014,175,6,11,18,3,2014-08-07,2014,2014-08,6-12 months,1
155,"Kretschmer, John",10176,Asian,Male,63973.0,1980-02-02,2011-01-10,,N/A-StillEmployed,Indeed,3.38,3.0,0,0,17,Medium,False,0,14.84,30.0,Fully Meets,1/10/2011,,176,6,7,17,3,2011-01-10,2011,2011-01,<6 months,0
29,"Brill, Donna",10177,White,Female,53492.0,1990-08-24,2012-04-02,2013-06-15,Another position,Google Search,3.35,4.0,0,0,6,Medium,True,439,1.2,21.0,Fully Meets,4/2/2012,6/15/2013,177,6,7,7,5,2013-06-15,2013,2013-06,1-3 years,1
255,"Simard, Kramer",10178,White,Male,87826.0,1970-02-08,2015-01-05,,N/A-StillEmployed,Employee Referral,3.32,3.0,7,0,16,Medium,False,0,10.85,44.0,Fully Meets,1/5/2015,,178,2,26,14,5,2015-01-05,2015,2015-01,<6 months,0
253,"Shepard, Anita",10179,White,Female,50750.0,1981-04-14,2014-09-30,,N/A-StillEmployed,LinkedIn,3.31,3.0,6,0,7,Medium,False,0,11.12,33.0,Fully Meets,9/30/2014,,179,2,5,12,5,2014-09-30,2014,2014-09,<6 months,0
263,"Soze, Keyser",10180,Asian,Male,87565.0,1983-02-09,2016-06-30,,N/A-StillEmployed,LinkedIn,3.27,4.0,5,0,13,Medium,False,0,9.37,33.0,Fully Meets,6/30/2016,,180,2,8,12,3,2016-06-30,2016,2016-06,<6 months,0
35,"Burkett, Benjamin",10181,White,Male,62162.0,1977-08-19,2011-04-04,,N/A-StillEmployed,Indeed,3.25,5.0,0,0,15,Medium,False,0,14.61,33.0,Fully Meets,4/4/2011,,181,6,16,6,5,2011-04-04,2011,2011-04,<6 months,0
133,"Howard, Estelle",10182,Black or African American,Female,49920.0,1985-09-16,2015-02-16,2015-04-15,"no-call, no-show",Indeed,3.24,3.0,4,0,6,Medium,True,58,0.16,29.0,Fully Meets,2/16/2015,4/15/2015,182,3,13,11,2,2015-04-15,2015,2015-04,<6 months,1
295,"Von Massenbach, Anna",10183,White,Female,62068.0,1985-04-06,2015-07-05,,N/A-StillEmployed,LinkedIn,3.21,3.0,0,0,7,Medium,False,0,10.35,30.0,Fully Meets,7/5/2015,,183,6,7,10,5,2015-07-05,2015,2015-07,<6 months,0
31,"Buccheri, Joseph",10184,White,Male,65288.0,1983-07-28,2014-09-29,,N/A-StillEmployed,Google Search,3.19,3.0,0,0,9,Medium,False,0,11.12,31.0,Fully Meets,9/29/2014,,184,6,16,16,5,2014-09-29,2014,2014-09,<6 months,0
200,"Ndzi, Horia",10185,White,Male,46664.0,1983-03-28,2013-04-01,2016-05-25,more money,Employee Referral,3.18,3.0,0,0,10,Medium,True,1150,3.15,30.0,Fully Meets,4/1/2013,5/25/2016,185,6,7,8,5,2016-05-25,2016,2016-05,3+ years,1
169,"Linares, Marilyn",10186,White,Female,52624.0,1981-03-26,2011-07-05,2018-09-26,unhappy,Indeed,3.18,4.0,0,0,16,Medium,True,2640,7.23,30.0,Fully Meets,7/5/2011,9/26/2018,186,6,7,10,5,2018-09-26,2018,2018-09,3+ years,1
225,"Power, Morissa",10187,Asian,Female,46799.0,1984-10-15,2011-05-16,2018-06-04,Another position,Google Search,3.17,4.0,0,0,14,Medium,True,2576,7.05,26.0,Fully Meets,5/16/2011,6/4/2018,187,6,7,21,3,2018-06-04,2018,2018-06,3+ years,1
33,"Bunbury, Jessica",10188,Black or African American,Female,74326.0,1964-06-01,2011-08-15,2014-08-02,Another position,Google Search,3.14,5.0,0,1,19,Medium,True,1083,2.97,47.0,Fully Meets,8/15/2011,8/2/2014,188,5,28,4,2,2014-08-02,2014,2014-08,1-3 years,1
90,"Ferguson, Susan",10189,White,Female,57748.0,1955-04-14,2011-11-07,2016-05-17,military,Google Search,3.13,3.0,0,0,16,Medium,True,1653,4.53,56.0,Fully Meets,11/7/2011,5/17/2016,189,6,7,16,5,2016-05-17,2016,2016-05,3+ years,1
296,"Walker, Roger",10190,Black or African American,Male,66541.0,1976-02-10,2014-08-18,,N/A-StillEmployed,Employee Referral,3.11,5.0,0,0,4,Medium,False,0,11.23,38.0,Fully Meets,8/18/2014,,190,6,16,6,2,2014-08-18,2014,2014-08,<6 months,0
176,"MacLennan, Samuel",10191,White,Male,52788.0,1972-11-09,2012-09-24,2017-09-26,hours,Indeed,3.08,4.0,0,0,18,Medium,True,1828,5.0,39.0,Fully Meets,9/24/2012,9/26/2017,191,6,7,8,5,2017-09-26,2017,2017-09,3+ years,1
149,"Keatts, Kramer",10192,White,Male,50482.0,1976-01-19,2013-09-30,,N/A-StillEmployed,Indeed,3.07,4.0,0,0,10,Medium,False,0,12.11,37.0,Fully Meets,9/30/2013,,192,6,7,10,5,2013-09-30,2013,2013-09,<6 months,0
58,"Costello, Frank",10193,White,Male,83552.0,1986-08-26,2015-03-30,,N/A-StillEmployed,Indeed,3.04,3.0,6,0,2,Medium,False,0,10.62,28.0,Fully Meets,3/30/2015,,193,2,26,14,5,2015-03-30,2015,2015-03,<6 months,0
7,"Andreola, Colby",10194,White,Female,95660.0,1979-05-24,2014-11-10,,N/A-StillEmployed,LinkedIn,3.04,3.0,4,0,19,Medium,False,0,11.0,35.0,Fully Meets,11/10/2014,,194,4,9,5,5,2014-11-10,2014,2014-11,<6 months,0
130,"Homberger, Adrienne  J",10195,White,Female,63478.0,1984-02-16,2011-08-15,2012-04-07,relocation out of area,Indeed,3.03,5.0,0,0,16,Medium,True,236,0.65,27.0,Fully Meets,8/15/2011,4/7/2012,195,6,16,10,5,2012-04-07,2012,2012-04,6-12 months,1
3,"Akinkuolie, Sarah",10196,White,Female,64955.0,1988-09-19,2011-07-05,2012-09-24,hours,LinkedIn,3.02,3.0,0,0,3,Medium,True,447,1.22,22.0,Fully Meets,7/5/2011,9/24/2012,196,6,16,21,5,2012-09-24,2012,2012-09,1-3 years,1
71,"DeVito, Tommy",10197,White,Male,96820.0,1983-09-04,2017-02-15,,N/A-StillEmployed,Indeed,3.01,5.0,7,0,15,Medium,False,0,8.74,33.0,Fully Meets,2/15/2017,,197,2,3,13,5,2017-02-15,2017,2017-02,<6 months,0
244,"Roup,Simon",10198,White,Male,140920.0,1973-04-05,2013-01-20,,N/A-StillEmployed,Indeed,3.6,5.0,7,0,13,Medium,False,0,12.81,39.0,Fully Meets,1/20/2013,,198,2,29,19,5,2013-01-20,2013,2013-01,<6 months,0
26,"Booth, Frank",10199,Black or African American,Male,103613.0,1964-07-30,2014-02-17,2016-02-19,Learned that he is a gangster,LinkedIn,3.5,5.0,7,0,2,Medium,True,732,2.0,49.0,Fully Meets,2/17/2014,2/19/2016,199,2,6,14,2,2016-02-19,2016,2016-02,1-3 years,1
46,"Chigurh, Anton",10200,Black or African American,Male,66808.0,1970-06-11,2012-05-14,,N/A-StillEmployed,Employee Referral,3.0,5.0,0,0,17,Medium,False,0,13.49,41.0,Fully Meets,5/14/2012,,200,5,28,15,2,2012-05-14,2012,2012-05,<6 months,0
135,"Hunts, Julissa",10201,White,Female,69340.0,1984-03-11,2016-06-06,,N/A-StillEmployed,LinkedIn,3.0,5.0,0,0,4,Medium,False,0,9.43,32.0,Fully Meets,6/6/2016,,201,6,16,1,5,2016-06-06,2016,2016-06,<6 months,0
185,"McKinzie, Jac",10202,Two or more races,Male,63291.0,1984-07-01,2016-07-06,,N/A-StillEmployed,Website,3.4,4.0,0,0,7,Medium,False,0,9.35,32.0,Fully Meets,7/6/2016,,202,5,28,15,1,2016-07-06,2016,2016-07,<6 months,0
32,"Bugali, Josephine",10203,Black or African American,Female,64375.0,1969-10-30,2013-11-11,,N/A-StillEmployed,Diversity Job Fair,3.5,5.0,0,0,17,Medium,False,0,12.0,44.0,Fully Meets,11/11/2013,,203,6,7,21,2,2013-11-11,2013,2013-11,<6 months,0
303,"Wilkes, Annie",10204,White,Female,58062.0,1983-07-30,2011-01-10,2012-05-14,Another position,Google Search,3.6,5.0,0,0,9,Medium,True,490,1.34,27.0,Fully Meets,1/10/2011,5/14/2012,204,6,7,6,5,2012-05-14,2012,2012-05,1-3 years,1
289,"Valentin,Jackie",10205,Two or more races,Female,57859.0,1991-05-23,2011-07-05,,N/A-StillEmployed,Indeed,2.81,3.0,0,0,16,Medium,False,0,14.35,20.0,Fully Meets,7/5/2011,,205,5,28,4,1,2011-07-05,2011,2011-07,<6 months,0
204,"Nguyen, Lei-Ming",10206,White,Female,62061.0,1984-07-07,2013-07-08,,N/A-StillEmployed,LinkedIn,3.6,5.0,0,0,4,Medium,False,0,12.34,29.0,Fully Meets,7/8/2013,,206,6,7,7,5,2013-07-08,2013,2013-07,<6 months,0
75,"Dobrin, Denisa  S",10207,White,Female,46335.0,1986-10-07,2012-04-02,,N/A-StillEmployed,CareerBuilder,3.4,5.0,0,0,15,Medium,False,0,13.61,25.0,Fully Meets,4/2/2012,,207,6,7,7,5,2012-04-02,2012,2012-04,<6 months,0
154,"Knapp, Bradley  J",10208,Black or African American,Male,46654.0,1977-11-10,2014-02-17,,N/A-StillEmployed,LinkedIn,3.1,3.0,0,0,3,Medium,False,0,11.73,36.0,Fully Meets,2/17/2014,,208,6,7,6,2,2014-02-17,2014,2014-02,<6 months,0
274,"Sutwell, Barbara",10209,Asian,Female,59238.0,1968-08-15,2012-05-14,,N/A-StillEmployed,Indeed,3.4,5.0,0,0,13,Medium,False,0,13.49,43.0,Fully Meets,5/14/2012,,209,6,7,1,3,2012-05-14,2012,2012-05,<6 months,0
44,"Chan, Lin",10210,White,Female,54237.0,1979-02-12,2014-05-12,,N/A-StillEmployed,Indeed,3.3,4.0,0,0,11,Medium,False,0,11.5,35.0,Fully Meets,5/12/2014,,210,6,7,1,5,2014-05-12,2014,2014-05,<6 months,0
80,"Dunne, Amy",10211,White,Female,62514.0,1973-09-23,2010-04-26,,N/A-StillEmployed,Google Search,2.9,3.0,0,0,6,Medium,False,0,15.55,36.0,Fully Meets,4/26/2010,,211,6,7,6,5,2010-04-26,2010,2010-04,<6 months,0
62,"Daniele, Ann",10212,White,Female,85028.0,1952-01-18,2014-11-10,,N/A-StillEmployed,LinkedIn,3.1,5.0,8,0,19,Medium,False,0,11.0,62.0,Fully Meets,11/10/2014,,212,2,8,12,5,2014-11-10,2014,2014-11,<6 months,0
190,"Monkfish, Erasumus",10213,White,Male,58207.0,1992-08-17,2011-11-07,,N/A-StillEmployed,LinkedIn,3.7,3.0,0,0,14,Medium,False,0,14.01,19.0,Fully Meets,11/7/2011,,213,6,16,7,5,2011-11-07,2011,2011-11,<6 months,0
136,"Hutter, Rosalie",10214,White,Female,64995.0,1992-05-07,2015-06-05,,N/A-StillEmployed,Indeed,4.5,3.0,0,0,6,Medium,False,0,10.44,23.0,Fully Meets,6/5/2015,,214,6,16,16,5,2015-06-05,2015,2015-06,<6 months,0
199,"Ndzi, Colombui",10215,Black or African American,Male,50470.0,1989-05-02,2011-09-26,2014-04-04,return to school,Diversity Job Fair,4.3,3.0,0,0,19,Medium,True,921,2.52,22.0,Fully Meets,9/26/2011,4/4/2014,215,6,7,16,2,2014-04-04,2014,2014-04,1-3 years,1
197,"Myers, Michael",10216,Asian,Male,57575.0,1980-04-18,2013-07-08,,N/A-StillEmployed,LinkedIn,4.1,4.0,0,0,13,Medium,False,0,12.34,33.0,Fully Meets,7/8/2013,,216,6,7,21,3,2013-07-08,2013,2013-07,<6 months,0
220,"Petingill, Shana",10217,Asian,Female,74226.0,1979-03-10,2012-04-02,,N/A-StillEmployed,LinkedIn,4.3,3.0,0,0,14,Medium,False,0,13.61,33.0,Fully Meets,4/2/2012,,217,6,16,17,3,2012-04-02,2012,2012-04,<6 months,0
117,"Gosciminski, Phylicia",10218,American Indian or Alaska Native,Female,66149.0,1983-12-08,2013-09-30,,N/A-StillEmployed,Google Search,4.4,5.0,0,0,1,Medium,False,0,12.11,29.0,Fully Meets,9/30/2013,,218,6,16,21,6,2013-09-30,2013,2013-09,<6 months,0
177,"Mahoney, Lauren",10219,White,Female,45395.0,1986-07-07,2014-01-06,,N/A-StillEmployed,LinkedIn,4.6,4.0,0,0,14,Medium,False,0,11.85,27.0,Fully Meets,1/6/2014,,219,6,7,6,5,2014-01-06,2014,2014-01,<6 months,0
49,"Clayton, Rick",10220,White,Male,68678.0,1985-09-05,2012-09-05,,N/A-StillEmployed,Indeed,4.7,3.0,6,0,2,Medium,False,0,13.18,27.0,Fully Meets,9/5/2012,,220,2,18,20,5,2012-09-05,2012,2012-09,<6 months,0
277,"Tavares, Desiree",10221,Black or African American,Female,60754.0,1975-04-03,2009-04-27,2013-04-01,Another position,Diversity Job Fair,4.5,5.0,0,0,11,Medium,True,1435,3.93,34.0,Fully Meets,4/27/2009,4/1/2013,221,6,7,16,2,2013-04-01,2013,2013-04,3+ years,1
245,"Ruiz, Ricardo",10222,Black or African American,Male,148999.0,1964-01-04,2012-01-09,2015-11-04,hours,Diversity Job Fair,4.3,4.0,6,0,8,Medium,True,1395,3.82,48.0,Fully Meets,1/9/2012,11/4/2015,222,2,29,19,2,2015-11-04,2015,2015-11,3+ years,1
193,"Moran, Patrick",10223,Black or African American,Male,72106.0,1976-12-03,2012-01-09,,N/A-StillEmployed,Diversity Job Fair,4.1,4.0,0,0,12,Medium,False,0,13.84,35.0,Fully Meets,1/9/2012,,223,6,16,9,2,2012-01-09,2012,2012-01,<6 months,0
235,"Robertson, Peter",10224,White,Male,55578.0,1972-07-03,2011-07-05,2012-02-08,Another position,Indeed,4.2,5.0,0,0,13,Medium,True,218,0.6,39.0,Fully Meets,7/5/2011,2/8/2012,224,6,16,21,5,2012-02-08,2012,2012-02,6-12 months,1
226,"Punjabhi, Louis",10225,White,Male,59472.0,1961-06-19,2014-01-06,,N/A-StillEmployed,Employee Referral,4.8,3.0,0,0,14,Medium,False,0,11.85,52.0,Fully Meets,1/6/2014,,225,6,7,9,5,2014-01-06,2014,2014-01,<6 months,0
22,"Biden, Lowan  M",10226,Asian,Female,64919.0,1958-12-27,2013-08-19,,N/A-StillEmployed,Indeed,4.2,3.0,0,0,2,Medium,False,0,12.23,54.0,Fully Meets,8/19/2013,,226,6,7,6,3,2013-08-19,2013,2013-08,<6 months,0
140,"Jackson, Maryellen",10227,Black or African American,Female,61242.0,1972-09-11,2012-11-05,,N/A-StillEmployed,LinkedIn,4.1,3.0,0,0,7,Medium,False,0,13.02,40.0,Fully Meets,11/5/2012,,227,6,7,7,2,2012-11-05,2012,2012-11,<6 months,0
110,"Goeth, Amon",10228,White,Male,74679.0,1989-11-24,2015-03-30,,N/A-StillEmployed,LinkedIn,4.3,5.0,7,0,20,Medium,False,0,10.62,25.0,Fully Meets,3/30/2015,,228,2,18,12,5,2015-03-30,2015,2015-03,<6 months,0
250,"Salter, Jason",10229,Black or African American,Male,88527.0,1987-12-17,2015-01-05,2015-10-31,hours,LinkedIn,4.2,3.0,5,0,2,Medium,True,299,0.82,27.0,Fully Meets,1/5/2015,10/31/2015,229,2,26,14,2,2015-10-31,2015,2015-10,6-12 months,1
234,"Roberson, May",10230,Black or African American,Female,64971.0,1981-09-05,2011-09-26,2011-10-22,return to school,Google Search,4.5,4.0,0,0,10,Medium,True,26,0.07,30.0,Fully Meets,9/26/2011,10/22/2011,230,6,16,7,2,2011-10-22,2011,2011-10,<6 months,1
150,"Khemmich, Bartholemew",10231,White,Male,65310.0,1979-11-27,2013-08-19,,N/A-StillEmployed,Indeed,4.3,5.0,0,0,13,Medium,False,0,12.23,33.0,Fully Meets,8/19/2013,,231,5,28,15,5,2013-08-19,2013,2013-08,<6 months,0
163,"Le, Binh",10232,Asian,Female,81584.0,1987-06-14,2016-10-02,,N/A-StillEmployed,Indeed,4.1,5.0,7,0,2,Medium,False,0,9.11,29.0,Fully Meets,10/2/2016,,232,2,1,13,3,2016-10-02,2016,2016-10,<6 months,0
249,"Sahoo, Adil",10233,White,Male,57975.0,1986-04-26,2010-08-30,,N/A-StillEmployed,CareerBuilder,4.1,3.0,0,0,13,Medium,False,0,15.2,24.0,Fully Meets,8/30/2010,,233,6,16,9,5,2010-08-30,2010,2010-08,<6 months,0
121,"Gruber, Hans",10234,Black or African American,Male,99020.0,1989-06-30,2017-04-20,,N/A-StillEmployed,Indeed,4.2,5.0,5,0,8,Medium,False,0,8.56,27.0,Fully Meets,4/20/2017,,234,2,3,13,2,2017-04-20,2017,2017-04,<6 months,0
83,"England, Rex",10235,White,Male,54285.0,1978-08-25,2014-03-31,,N/A-StillEmployed,Employee Referral,4.2,3.0,0,0,3,Medium,False,0,11.62,35.0,Fully Meets,3/31/2014,,235,6,7,9,5,2014-03-31,2014,2014-03,<6 months,0
141,"Jacobi, Hannah",10236,White,Female,45069.0,1966-03-22,2013-09-30,,N/A-StillEmployed,Employee Referral,4.3,5.0,0,0,7,Medium,False,0,12.11,47.0,Fully Meets,9/30/2013,,236,6,7,21,5,2013-09-30,2013,2013-09,<6 months,0
115,"Good, Susan",10237,White,Female,66825.0,1986-05-25,2014-05-12,,N/A-StillEmployed,LinkedIn,4.6,3.0,0,0,20,Medium,False,0,11.5,27.0,Fully Meets,5/12/2014,,237,6,16,7,5,2014-05-12,2014,2014-05,<6 months,0
30,"Brown, Mia",10238,Black or African American,Female,63000.0,1987-11-24,2008-10-27,,N/A-StillEmployed,Diversity Job Fair,4.5,2.0,6,0,14,Medium,False,0,17.04,20.0,Fully Meets,10/27/2008,,238,3,17,11,2,2008-10-27,2008,2008-10,<6 months,0
229,"Rachael, Maggie",10239,Black or African American,Female,95920.0,1980-05-12,2016-10-02,,N/A-StillEmployed,Indeed,4.4,4.0,6,0,10,Medium,False,0,9.11,36.0,Fully Meets,10/2/2016,,239,2,3,13,2,2016-10-02,2016,2016-10,<6 months,0
47,"Chivukula, Enola",10240,White,Female,64786.0,1983-08-27,2011-06-27,2015-11-15,relocation out of area,Indeed,4.3,4.0,0,0,3,Medium,True,1602,4.39,27.0,Fully Meets,6/27/2011,11/15/2015,240,6,7,8,5,2015-11-15,2015,2015-11,3+ years,1
271,"Strong, Caitrin",10241,Black or African American,Female,60120.0,1989-05-12,2010-09-27,,N/A-StillEmployed,Indeed,4.1,4.0,0,0,18,Medium,False,0,15.12,21.0,Fully Meets,9/27/2010,,241,5,28,4,2,2010-09-27,2010,2010-09,<6 months,0
12,"Barbara, Thomas",10242,Black or African American,Male,47211.0,1974-02-21,2012-04-02,2016-09-19,unhappy,Diversity Job Fair,4.2,3.0,0,0,15,Medium,True,1631,4.47,38.0,Fully Meets,4/2/2012,9/19/2016,242,6,7,21,2,2016-09-19,2016,2016-09,3+ years,1
111,"Gold, Shenice",10243,White,Female,53018.0,1992-06-18,2013-11-11,,N/A-StillEmployed,Indeed,4.3,5.0,0,0,7,Medium,False,0,12.0,21.0,Fully Meets,11/11/2013,,243,6,7,6,5,2013-11-11,2013,2013-11,<6 months,0
148,"Kampew, Donysha",10244,White,Female,68999.0,1989-11-11,2011-11-07,2014-04-24,maternity leave - did not return,Google Search,4.5,5.0,0,0,2,Medium,True,899,2.46,21.0,Fully Meets,11/7/2011,4/24/2014,244,5,27,3,5,2014-04-24,2014,2014-04,1-3 years,1
19,"Becker, Renee",10245,White,Female,110000.0,1986-04-04,2014-07-07,2015-09-12,performance,Google Search,4.5,4.0,5,0,8,Medium,True,432,1.18,28.0,Fully Meets,7/7/2014,9/12/2015,245,2,31,14,5,2015-09-12,2015,2015-09,1-3 years,1
109,"Goble, Taisha",10246,White,Female,114800.0,1971-10-23,2015-02-16,2015-03-15,"no-call, no-show",Indeed,4.6,4.0,4,0,10,Medium,True,27,0.07,43.0,Fully Meets,2/16/2015,3/15/2015,246,2,31,14,5,2015-03-15,2015,2015-03,<6 months,1
82,"Engdahl, Jean",10247,White,Male,48888.0,1974-05-31,2014-11-10,,N/A-StillEmployed,LinkedIn,4.7,5.0,0,0,8,Medium,False,0,11.0,40.0,Fully Meets,11/10/2014,,247,6,7,9,5,2014-11-10,2014,2014-11,<6 months,0
134,"Hudson, Jane",10248,White,Female,55425.0,1986-06-10,2012-02-20,,N/A-StillEmployed,LinkedIn,4.8,4.0,0,0,4,Medium,False,0,13.72,25.0,Fully Meets,2/20/2012,,248,6,7,6,5,2012-02-20,2012,2012-02,<6 months,0
162,"Latif, Mohammed",10249,White,Male,61962.0,1984-05-09,2012-04-02,2013-04-15,more money,Google Search,4.9,3.0,0,0,20,Medium,True,378,1.03,27.0,Fully Meets,4/2/2012,4/15/2013,249,6,16,21,5,2013-04-15,2013,2013-04,1-3 years,1
10,"Bacong, Alejandro",10250,White,Male,50178.0,1988-01-07,2015-01-05,,N/A-StillEmployed,Indeed,5.0,5.0,6,0,16,Medium,False,0,10.85,26.0,Fully Meets,1/5/2015,,250,2,18,12,5,2015-01-05,2015,2015-01,<6 months,0
166,"Lecter, Hannibal",10251,Asian,Male,64738.0,1982-09-02,2012-05-14,,N/A-StillEmployed,Google Search,4.1,3.0,0,0,10,Medium,False,0,13.49,29.0,Fully Meets,5/14/2012,,251,6,7,1,3,2012-05-14,2012,2012-05,<6 months,0
11,"Baczenski, Rachael",10252,Black or African American,Female,54670.0,1974-01-12,2011-01-10,2017-01-12,Another position,Diversity Job Fair,4.2,4.0,0,0,12,Medium,True,2194,6.01,36.0,Fully Meets,1/10/2011,1/12/2017,252,6,7,7,2,2017-01-12,2017,2017-01,3+ years,1
292,"Villanueva, Noah",10253,Asian,Male,55875.0,1989-07-11,2012-03-05,,N/A-StillEmployed,Website,4.5,4.0,0,0,11,Medium,False,0,13.69,22.0,Fully Meets,3/5/2012,,253,5,28,4,3,2012-03-05,2012,2012-03,<6 months,0
195,"Motlagh,  Dawn",10254,White,Female,63430.0,1984-07-07,2013-04-01,,N/A-StillEmployed,LinkedIn,4.4,4.0,0,0,18,Medium,False,0,12.61,28.0,Fully Meets,4/1/2013,,254,6,7,1,5,2013-04-01,2013,2013-04,<6 months,0
108,"Givens, Myriam",10255,White,Female,61555.0,1989-09-22,2015-02-16,,N/A-StillEmployed,Indeed,4.5,5.0,0,0,20,Medium,False,0,10.74,25.0,Fully Meets,2/16/2015,,255,5,28,15,5,2015-02-16,2015,2015-02,<6 months,0
118,"Goyal, Roxana",10256,Asian,Female,49256.0,1974-10-09,2013-08-19,,N/A-StillEmployed,LinkedIn,4.1,5.0,0,0,3,Medium,False,0,12.23,38.0,Fully Meets,8/19/2013,,256,6,7,21,3,2013-08-19,2013,2013-08,<6 months,0
102,"Gaul, Barbara",10257,Black or African American,Female,53171.0,1983-12-02,2011-05-16,,N/A-StillEmployed,LinkedIn,4.2,4.0,0,0,12,Medium,False,0,14.49,27.0,Fully Meets,5/16/2011,,257,6,7,9,2,2011-05-16,2011,2011-05,<6 months,0
99,"Fraval, Maruk",10258,Black or African American,Male,67251.0,1963-08-28,2011-09-06,,N/A-StillEmployed,CareerBuilder,4.3,3.0,0,2,7,Medium,False,0,14.18,48.0,Fully Meets,9/6/2011,,258,5,28,15,2,2011-09-06,2011,2011-09,<6 months,0
214,"Pearson, Randall",10259,White,Male,93093.0,1984-09-05,2014-12-01,2016-05-01,performance,Employee Referral,4.7,4.0,5,0,19,Medium,True,517,1.42,30.0,Fully Meets,12/1/2014,5/1/2016,259,2,26,14,5,2016-05-01,2016,2016-05,1-3 years,1
248,"Sadki, Nore",10260,White,Male,46428.0,1974-12-21,2009-01-05,2018-07-30,relocation out of area,Google Search,4.6,5.0,0,0,7,Medium,True,3493,9.56,34.0,Fully Meets,1/5/2009,7/30/2018,260,6,7,10,5,2018-07-30,2018,2018-07,3+ years,1
53,"Cockel, James",10261,White,Male,63108.0,1977-09-08,2013-07-08,,N/A-StillEmployed,Employee Referral,4.4,5.0,0,0,3,Medium,False,0,12.34,35.0,Fully Meets,7/8/2013,,261,6,7,7,5,2013-07-08,2013,2013-07,<6 months,0
227,"Purinton, Janine",10262,White,Female,46430.0,1970-09-22,2012-09-24,2013-06-18,unhappy,Indeed,4.5,5.0,0,0,16,Medium,True,267,0.73,42.0,Fully Meets,9/24/2012,6/18/2013,262,6,7,21,5,2013-06-18,2013,2013-06,6-12 months,1
88,"Faller, Megan",10263,Black or African American,Female,71776.0,1978-09-22,2014-07-07,,N/A-StillEmployed,LinkedIn,4.4,5.0,0,0,17,Medium,False,0,11.35,35.0,Fully Meets,7/7/2014,,263,6,16,1,2,2014-07-07,2014,2014-07,<6 months,0
304,"Williams, Jacquelyn",10264,Black or African American,Female,59728.0,1969-10-02,2012-01-09,2015-06-27,relocation out of area,Diversity Job Fair,4.3,4.0,0,0,16,Medium,True,1265,3.46,42.0,Fully Meets,1/9/2012,6/27/2015,264,6,7,6,2,2015-06-27,2015,2015-06,3+ years,1
14,"Barone, Francesco  A",10265,Two or more races,Male,58709.0,1983-07-20,2012-02-20,,N/A-StillEmployed,Google Search,4.6,4.0,0,0,7,Medium,False,0,13.72,28.0,Fully Meets,2/20/2012,,265,6,7,9,1,2012-02-20,2012,2012-02,<6 months,0
270,"Stoica, Rick",10266,Asian,Male,61355.0,1985-03-14,2014-02-17,,N/A-StillEmployed,LinkedIn,4.7,3.0,0,0,4,Medium,False,0,11.73,28.0,Fully Meets,2/17/2014,,266,6,7,9,3,2014-02-17,2014,2014-02,<6 months,0
25,"Bondwell, Betsy",10267,White,Female,57815.0,1967-01-16,2011-01-10,2014-04-04,career change,Google Search,4.8,5.0,0,0,5,Medium,True,1180,3.23,43.0,Fully Meets,1/10/2011,4/4/2014,267,6,16,1,5,2014-04-04,2014,2014-04,3+ years,1
281,"Thibaud, Kenneth",10268,White,Male,67176.0,1975-09-16,2007-06-25,2010-08-30,military,Other,4.1,4.0,0,0,15,Medium,True,1162,3.18,31.0,Fully Meets,6/25/2007,8/30/2010,268,6,16,16,5,2010-08-30,2010,2010-08,3+ years,1
51,"Close, Phil",10269,White,Male,59369.0,1978-11-25,2010-08-30,2011-09-26,career change,Indeed,4.2,4.0,0,0,6,Medium,True,392,1.07,31.0,Fully Meets,8/30/2010,9/26/2011,269,6,16,7,5,2011-09-26,2011,2011-09,1-3 years,1
287,"Trzeciak, Cybil",10270,White,Female,74813.0,1985-03-15,2011-01-10,2014-07-02,unhappy,LinkedIn,4.4,3.0,0,0,5,Medium,True,1269,3.47,25.0,Fully Meets,1/10/2011,7/2/2014,270,6,16,8,5,2014-07-02,2014,2014-07,3+ years,1
311,"Zima, Colleen",10271,Asian,Female,45046.0,1978-08-17,2014-09-29,,N/A-StillEmployed,LinkedIn,4.5,5.0,0,0,2,Medium,False,0,11.12,36.0,Fully Meets,9/29/2014,,271,6,7,7,3,2014-09-29,2014,2014-09,<6 months,0
132,"Houlihan, Debra",10272,White,Female,180000.0,1966-03-17,2014-05-05,,N/A-StillEmployed,LinkedIn,4.5,4.0,0,0,19,Medium,False,0,11.52,48.0,Fully Meets,5/5/2014,,272,5,30,18,5,2014-05-05,2014,2014-05,<6 months,0
100,"Galia, Lisa",10273,White,Female,65707.0,1968-07-06,2010-05-01,,N/A-StillEmployed,LinkedIn,4.7,4.0,5,0,1,Medium,False,0,15.53,41.0,Fully Meets,5/1/2010,,273,2,18,20,5,2010-05-01,2010,2010-05,<6 months,0
297,"Wallace, Courtney  E",10274,Black or African American,Female,80512.0,1955-11-14,2011-09-26,2012-01-02,Another position,Diversity Job Fair,4.5,3.0,0,0,5,Medium,True,98,0.27,55.0,Fully Meets,9/26/2011,1/2/2012,274,6,11,18,2,2012-01-02,2012,2012-01,<6 months,1
50,"Cloninger, Jennifer",10275,White,Female,64066.0,1981-08-31,2011-05-16,2013-01-07,unhappy,Google Search,4.2,5.0,0,0,9,Medium,True,602,1.65,29.0,Fully Meets,5/16/2011,1/7/2013,275,6,16,17,5,2013-01-07,2013,2013-01,1-3 years,1
72,"Dickinson, Geoff",10276,White,Male,51259.0,1982-11-15,2014-05-12,,N/A-StillEmployed,Indeed,4.3,4.0,0,0,1,Medium,False,0,11.5,31.0,Fully Meets,5/12/2014,,276,6,7,6,5,2014-05-12,2014,2014-05,<6 months,0
20,"Becker, Scott",10277,Asian,Male,53250.0,1979-04-06,2013-07-08,,N/A-StillEmployed,LinkedIn,4.2,4.0,0,0,13,Medium,False,0,12.34,34.0,Fully Meets,7/8/2013,,277,6,7,16,3,2013-07-08,2013,2013-07,<6 months,0
267,"Stanford,Barbara  M",10278,Two or more races,Female,47961.0,1982-08-25,2011-01-10,,N/A-StillEmployed,Google Search,4.1,4.0,0,0,9,Medium,False,0,14.84,28.0,Fully Meets,1/10/2011,,278,6,7,21,1,2011-01-10,2011,2011-01,<6 months,0
180,"Mangal, Debbie",10279,White,Female,61349.0,1974-11-07,2013-11-11,,N/A-StillEmployed,LinkedIn,4.1,3.0,0,0,11,Medium,False,0,12.0,39.0,Fully Meets,11/11/2013,,279,6,7,17,5,2013-11-11,2013,2013-11,<6 months,0
85,"Estremera, Miguel",10280,White,Male,60340.0,1983-09-02,2012-04-02,2018-09-27,attendance,Google Search,5.0,4.0,0,5,16,Low,True,2369,6.49,28.0,Needs Improvement,4/2/2012,9/27/2018,280,6,7,10,5,2018-09-27,2018,2018-09,3+ years,1
210,"Owad, Clinton",10281,Black or African American,Male,53060.0,1979-11-24,2014-02-17,,N/A-StillEmployed,LinkedIn,4.25,3.0,0,4,6,Low,False,0,11.73,34.0,Needs Improvement,2/17/2014,,281,6,7,10,2,2014-02-17,2014,2014-02,<6 months,0
55,"Corleone, Michael",10282,White,Male,68051.0,1975-12-17,2010-07-20,,N/A-StillEmployed,CareerBuilder,4.13,2.0,0,3,3,Low,False,0,15.31,34.0,Needs Improvement,7/20/2010,,282,6,11,18,5,2010-07-20,2010,2010-07,<6 months,0
106,"Gilles, Alex",10283,Black or African American,Male,54933.0,1974-08-09,2012-04-02,2015-06-25,military,Diversity Job Fair,3.97,4.0,0,3,15,Low,True,1179,3.23,37.0,Needs Improvement,4/2/2012,6/25/2015,283,6,7,16,2,2015-06-25,2015,2015-06,3+ years,1
74,"DiNocco, Lily",10284,Black or African American,Female,61584.0,1978-12-02,2013-01-07,,N/A-StillEmployed,Indeed,3.88,4.0,0,0,6,Low,False,0,12.84,34.0,Needs Improvement,1/7/2013,,284,6,7,17,2,2013-01-07,2013,2013-01,<6 months,0
237,"Robinson, Cherly",10285,White,Female,61422.0,1985-01-07,2011-01-10,2016-05-17,attendance,Indeed,3.6,3.0,0,4,16,Low,True,1954,5.35,26.0,Needs Improvement,1/10/2011,5/17/2016,285,6,7,6,5,2016-05-17,2016,2016-05,3+ years,1
215,"Smith, Martin",10286,Black or African American,Male,53564.0,1988-03-17,2011-01-10,2017-12-28,career change,Google Search,3.54,5.0,0,4,15,Low,True,2544,6.97,22.0,Needs Improvement,1/10/2011,12/28/2017,286,6,7,16,2,2017-12-28,2017,2017-12,3+ years,1
284,"Trang, Mei",10287,White,Female,63025.0,1983-05-16,2014-02-17,,N/A-StillEmployed,LinkedIn,2.44,5.0,0,4,18,Low,False,0,11.73,30.0,Needs Improvement,2/17/2014,,287,6,7,7,5,2014-02-17,2014,2014-02,<6 months,0
191,"Monroe, Peter",10288,Black or African American,Male,157000.0,1986-10-05,2012-02-15,,N/A-StillEmployed,Diversity Job Fair,2.39,3.0,6,4,13,Low,False,0,13.74,25.0,Needs Improvement,2/15/2012,,288,2,14,19,2,2012-02-15,2012,2012-02,<6 months,0
138,"Immediato, Walter",10289,Asian,Male,83082.0,1976-11-15,2011-02-21,2012-09-24,unhappy,Indeed,2.34,2.0,0,3,4,Low,True,581,1.59,34.0,Needs Improvement,2/21/2011,9/24/2012,289,6,11,18,3,2012-09-24,2012,2012-09,1-3 years,1
87,"Exantus, Susan",10290,Black or African American,Female,99280.0,1987-05-15,2011-05-02,2013-06-05,attendance,Indeed,2.1,5.0,4,4,19,Low,True,765,2.09,23.0,Needs Improvement,5/2/2011,6/5/2013,290,4,9,5,2,2013-06-05,2013,2013-06,1-3 years,1
259,"Smith, John",10291,Black or African American,Male,72992.0,1984-08-16,2014-05-18,,N/A-StillEmployed,Diversity Job Fair,2.4,4.0,0,2,16,Low,False,0,11.49,29.0,Needs Improvement,5/18/2014,,291,5,27,3,2,2014-05-18,2014,2014-05,<6 months,0
54,"Cole, Spencer",10292,Black or African American,Male,59144.0,1979-08-12,2011-07-11,2016-09-23,performance,LinkedIn,2.0,3.0,0,5,16,Low,True,1901,5.2,31.0,Needs Improvement,7/11/2011,9/23/2016,292,6,7,21,2,2016-09-23,2016,2016-09,3+ years,1
298,"Wallace, Theresa",10293,White,Female,50274.0,1980-08-02,2012-08-13,2015-09-01,career change,CareerBuilder,2.5,3.0,0,6,13,Low,True,1114,3.05,32.0,Needs Improvement,8/13/2012,9/1/2015,293,6,7,1,5,2015-09-01,2015,2015-09,3+ years,1
24,"Blount, Dianna",10294,White,Female,66441.0,1990-09-21,2011-04-04,,N/A-StillEmployed,CareerBuilder,2.0,3.0,0,2,3,Low,False,0,14.61,20.0,Needs Improvement,4/4/2011,,294,6,16,10,5,2011-04-04,2011,2011-04,<6 months,0
247,"Saar-Beckles, Melinda",10295,Black or African American,Female,47750.0,1968-06-06,2016-07-04,,N/A-StillEmployed,Diversity Job Fair,2.6,4.0,0,5,4,Low,False,0,9.36,48.0,Needs Improvement,7/4/2016,,295,6,7,9,2,2016-07-04,2016,2016-07,<6 months,0
86,"Evensen, April",10296,White,Female,59124.0,1989-05-06,2014-02-17,2018-02-25,"no-call, no-show",Google Search,2.3,3.0,0,5,19,Low,True,1469,4.02,24.0,Needs Improvement,2/17/2014,2/25/2018,296,6,7,1,5,2018-02-25,2018,2018-02,3+ years,1
216,"Pelletier, Ermine",10297,Asian,Female,60270.0,1989-07-18,2011-07-05,2015-09-15,unhappy,CareerBuilder,2.4,5.0,0,5,2,Low,True,1533,4.2,21.0,Needs Improvement,7/5/2011,9/15/2015,297,6,16,8,3,2015-09-15,2015,2015-09,3+ years,1
65,"Dee, Randy",10311,White,Male,56991.0,1988-04-15,2018-07-09,,N/A-StillEmployed,Indeed,4.3,4.0,3,2,2,Medium,False,0,7.34,30.0,Fully Meets,7/9/2018,,311,6,7,17,5,2018-07-09,2018,2018-07,<6 months,0
